dayofyear,timeofday,minute,consumption,DHI,DNI,GHI
276,9,45,126.6707952,84.5,767.5,449.5
276,10,0,123.4081333,89,793,501
276,10,15,115.6012,92.5,812.5,548.5
